id,name,group,priority,visual_confidence,screen_roi_px,suggested_size_m,material_ids,suggested_variants,shape,surface,detailing
S01,Fine coursed outer city wall,Fortifications,P0,direct-visible,"[0, 225, 1200, 360]","module 4x1.1x3.0 (LxDxH), above base",M01,6,Long continuous gray stone band; courses of small flat rectangular blocks; offsets at wall joints.,"Gray-beige masonry with dark mortar, sporadic chipped corners and streaks.","Modular straight, 45-degree corner, 90-degree corner and curved sections; no obvious perfect repeating texture."
S02,Large irregular boulder foundation,Fortifications,P0,direct-visible,"[0, 270, 1200, 385]",module 4x1.6x2.2; stones .35-1.3 diameter,M02,6,Bottom 1/3-1/2 of fortification built from big rounded polygon stones with irregular interlocking joints.,"Broader light gray stones, dark crevices, dusty near ground.","Use 8-15 stone silhouettes per 4m panel, varied rotation and no uniform cobblestone grid."
S03,Upper parapet and crenels,Fortifications,P0,direct-visible,"[100, 265, 1200, 330]",parapet 1.0-1.3 high; walkway 2-3 wide,M01,4,Flat wall-walk with raised outer protective lip and regular short block projections.,"Same fine masonry; chipped raised outer edges, dirt in foot zones.","Build walkable top, crenel repeat module, 2-4 variants."
S04,Main arched gate opening,Fortifications,P0,direct-visible,"[660, 282, 808, 395]",opening 5-7 wide x 4-5 high (prototype estimate),M02;M03,1,Tall round-headed opening with visibly larger radial stones and recessed dark tunnel.,"Pale keystone arch, old brown interior shadows, coarse stone sidewalls.",Build actual tunnel walls/ceiling for 360-degree camera; radial voussoirs need geometry.
S05,Gate-top watch terrace,Fortifications,P0,direct-visible,"[620, 220, 850, 315]",12-17 wide x 8 deep x 3 high above gate,M01;M03,2,Rectangular raised bastion over gate; dense small masonry and repeated tiny square openings.,"Dirty gray dressed stone, recesses very dark.","Corner caps, wall walk and visible floor slabs; square vent/arrow slit modules."
S06,Narrow guard openings in wall,Fortifications,P2,direct-visible,"[630, 255, 830, 310]",0.18-0.30 wide,M01,3,Tiny repeated black rectangle/square holes on gate tower facade.,Strong black AO/recess; pale beveled stone border.,"Model at least inset dark geometry on near hero wall, decal on distant repeats."
S07,Ascending wall ramp / stepped terrace,Fortifications,P1,direct-visible,"[830, 170, 1190, 275]",ramp width 2.5-4; elevation tailored to slopes,M01;M02,2,"Wall changes elevation toward right upper ramparts, with terraces and a long walkway.",Gray stone paving and retaining faces; irregular rock foundation.,Keep pathway traversable; adapt endpoints to wall segment heights.
S08,Stone stairs and retaining plinths,Fortifications,P1,direct-visible,"[920, 325, 1200, 430]","step rise .15-.22, tread .3-.5",M01;M02,4,Several gray stone steps elevate an open timber workshop from surrounding dirt.,Worn step centers with darker edge dirt.,Use 4-7 step groups; plasterless stacked stone side walls.
S09,Stream culvert beneath wall,Fortifications,P0,direct-visible,"[507, 325, 585, 390]",opening 2-3 wide and 1.7-2.2 tall,M02;M03;M17,1,Low curved masonry opening where narrow stream emerges under defensive wall.,"Deep dark wet recess at opening, waterline staining and slimy stones.","Water and opening must be continuous through wall, not a false dark plane."
T01,Broad main dirt road,Terrain,P0,direct-visible,"[775, 330, 1200, 560]",5-8 wide,M09,3,"Wide tan earth roadway, irregularly tapered, subtle worn center and sporadic paving pieces.","Warm ochre packed soil, fine granules, small pebbles and muted traffic ruts.","Spline-based path, blend edges 1-2m into grass; preserve readable navigation."
T02,Inner village street,Terrain,P0,direct-visible,"[480, 137, 690, 275]",4-7 wide,M09,3,"Village road funnels from near center toward distant temple buildings, widening at nodes.","Sunlit beige dirt, slight wheel/foot trails, irregular blotchy dryness.","Spline network links houses, market and plaza."
T03,Stepping-stone street margins,Terrain,P1,direct-visible,"[260, 385, 500, 560]",each stone .25-.65,M01;M09,8,Loose individual gray slabs form intermittent bordering lines along foreground cottage paths.,"Dusty flat stone, corners mostly rounded, varied spacing and rotation.",Place as scatter with exclusions around doorways; avoid perfect evenly spaced bricks.
T04,Bare farmyard courtyard,Terrain,P0,direct-visible,"[0, 375, 620, 560]",courtyard 15-35 across,M09,2,Mostly open level dirt with wheel-worn patches and very sparse grass.,Broad warm pale ochre soil and random pale scuffs.,"Keep center uncluttered; use vertex paint and shallow cracks, tiny stone decals."
T05,Grass field patch,Terrain,P0,direct-visible,"[835, 320, 1200, 470]",clusters .5-6 across,M10,5,Mottled green grass forms irregular islands near fences and house perimeters.,"Cool-to-warm green variations, sparse brown soil holes and short blades.",Terrain splatmap plus instanced short tuft meshes and flower specks.
T06,Dirt-grass transition edge,Terrain,P0,direct-visible,"[850, 360, 1130, 510]",transition .5-2 wide,M09;M10,4,Uneven feathered boundary from compacted road to patchy lawn.,Brown-green gradient; small pebbles and tufts invade road edge.,No hard painted polygon border; randomized masks and decals.
T07,Rocky terrain berm and woodland soil,Terrain,P1,direct-visible,"[0, 155, 450, 350]",bank heights .5-4,M09;M10;M15,4,Shallow undulating wooded banks and soil cut around rocky outcrops.,"Dirt, embedded gray stone, grass tufts, sparse moss.",Blend cliff/rock to soft ground with pebbles and dirt skirts.
T08,Fenced small vegetable plot,Terrain,P2,partly-inferred,"[398, 455, 550, 560]",bed 1-4 long,M09;M10;M11,4,Tiny crop beds and flowering garden along foreground fence.,"Dark fertile soil, green sprawling leaves and small warm orange produce.","Raised soil strips, individual stems and fruits; crop species approximate due small image scale."
T09,Gravel and road scuff decals,Terrain,P2,direct-visible,"[635, 320, 1200, 560]",stone .02-.25; decals .2-2,M09;M01,12,Small stones and short irregular scrapes break flat road color.,"Gray-beige tiny gravel, transparent dust overlay.",Reuse 10-20 decal/gravel silhouettes and random yaw.
B01,Large long thatched farmhouse,Buildings,P0,direct-visible,"[62, 375, 318, 560]",13-17 long x 5-7 wide x 5-6 high,M05;M06;M08,3,"Long rectangular timber house, enormous slightly barrel/hip-shaped thick straw roof, exposed dark wall framing and narrow deck.","Golden straw, aged brown beams, dusty low plaster panels.","Huge overhang .6-1.2m, roof bundle ribbing, occasional loose fraying fringe, stone stepping line."
B02,Front-right long thatched lodge,Buildings,P0,direct-visible,"[605, 375, 829, 560]",12-16 x 5-7 x 5-6 high,M05;M06;M08,3,"Second long thatch structure, similar family, slanted toward view, fenced around perimeter.","Bright sunny straw top, deep shadow under eaves, brown timber panels.","Must be related kit to B01, vary roof sag, porch and openings."
B03,Tiny steep-hip straw shelter,Buildings,P1,direct-visible,"[423, 303, 491, 397]",3-5 x 3-4 x 3-4 high,M05;M06,3,Small hut with sharply pitched golden thatch roof directly outside wall.,"Deep dark doorway, exposed straw tips, pale brown wood.",Steeper pyramid/rounded hipped silhouette; door and low sill.
B04,Rustic straw barn behind wall,Buildings,P1,direct-visible,"[468, 220, 593, 285]",6-10 x 4-6 x 4-5 high,M05;M06;M08,4,Modest timber building under simple tan roof embedded among shrubs behind wall.,"Medium golden straw, brown rough frame.","Alternate gable/hip variants, irregular walls."
B05,Traditional blue-roof timber house,Buildings,P0,direct-visible,"[675, 132, 910, 225]",7-14 x 6-10 x 5-9 high,M04;M06;M08,6,One or two-storey timber house with multi-sloped dark blue ceramic roof and slightly lifted roof-tip corners.,"Navy blue curved tiles, dark reddish-brown posts, beige wall infill.","Separate porch, pillars, shutters, base platform and eave brackets."
B06,Main open gate pavilion,Buildings,P0,direct-visible,"[623, 191, 821, 296]",11-15 wide x 6-9 deep x 6-8 above terrace,M04;M06;M20,1,"Open pavilion atop gate bastion, broad four-sided dark tiled roof and six-plus narrow red-brown columns.","Deep blue tile ribs, decorative teal eave painting, ornate corner upturns.","Exposed painted rafters, ridge caps, finials, multi-row tile pattern and banners at entry."
B07,Small roofed parapet pavilion,Buildings,P1,direct-visible,"[930, 112, 1060, 201]",7-11 x 6-8 x 5-6 high,M04;M06;M20,3,Open air lookout pavilion on higher wall section at right center.,"Dark navy hipped roof, brown wood posts, gray stone terrace.","Use same roof/post/bracket construction system as B06, smaller footprint."
B08,Raised wood workshop / terrace house,Buildings,P1,partly-inferred,"[915, 265, 1139, 408]",10-17 x 6-11 x 5-8 high,M06;M07;M02,3,"Raised wooden structure to far right with stacked timber framing, broad brown roof and repeated raised structural ribs.","Warm rusty brown, worn overlapping roof boards, dark open bays.","Keep elevated gray stepped base, open lower gallery, wooden railings and ribbed top roof profile."
B09,Small wooden market / storage shed,Buildings,P1,direct-visible,"[830, 285, 940, 355]",4-7 x 3-5 x 3-4 high,M05;M06,4,Short low-stature covered stall near gate and workshop.,Straw-colored shade and aged timber supports.,"Open sides, sacks/crates and attached rails."
B10,Interior shop-houses and balconies,Buildings,P1,direct-visible,"[175, 135, 619, 266]","5-11 facade wide, 4-9 high",M04;M05;M06;M08,8,"Dense mixed single and two-storey timber buildings with varied brown, tiled and straw roof outlines.","Dark timber, cream plaster, dark clay tile, dirt patina.","Assemble from 3-5 wall modules and 4 roofs, stagger facades, varied porch and awnings."
B11,Far central civic or temple buildings,Buildings,P2,partly-inferred,"[270, 87, 610, 175]",hero building 15-28 wide x 10-20 high,M04;M06;M08;M16,5,Layered civic palace-like buildings and a far axial gateway creating central skyline focus.,"Cool blue roofs, muted cream-red walls, distant haze.","Silhouette first, detail only at near LOD; no exact structure recoverable at this resolution."
B12,Multi-tier hilltop pagoda,Buildings,P1,direct-visible,"[1034, 0, 1125, 75]",height ~14-25; scale estimated,M04;M06;M15,2,Distinct tall narrow multi-tier pagoda rising from right mountain crown.,Dark blue/black upturned tile floors and dark red-brown timber.,Each roof overhangs level below; accentuate tiered skyline and sit on uneven rock plateau.
R01,Blue ceramic roof tile module,Roof Modules,P0,direct-visible,"[634, 191, 801, 263]","tile .22-.38 wide, .3-.48 long",M04,6,Small concave or convex interlocked longitudinal tiles; parallel striped ribs descend each slope.,"Light edges dusty blue gray, recesses navy black.","Use repeated tile row geometry on near roofs, baked normals in far LODs."
R02,Blue hip roof with curled eaves,Roof Modules,P0,direct-visible,"[615, 181, 827, 267]","module 7-15 wide, slope ~25-40deg",M04;M20,4,Broad sweeping hipped roof; corners project up and out; visible decorative line beneath eave.,Shadow beneath edge nearly black; slate blue glazed tiles on upper surfaces.,Build roof as mesh surfaces or Bezier/spline lattice; roof ends must curl independently.
R03,Long rounded thatch roof module,Roof Modules,P0,direct-visible,"[615, 380, 835, 558]",roof thickness .2-.45; overhang .5-1,M05,5,"Thick golden folded roof, curved long crest and giant hanging straw fringe at eave.","Sunlit pale golden ridges, warm chestnut weathered grooves.",Layer base volume + clump cards + edge hair-like clumps; distinct 2D strand strokes.
R04,Small conical / four-sided straw cap,Roof Modules,P1,direct-visible,"[419, 302, 494, 369]",2.5-5 wide,M05,3,Tight steep roof with radial thatching and short rounded eaves.,Golden cap with dark interior underside.,"Fast low-poly geometry, extra strands around edge for silhouette."
R05,Blue ridge ornament and end cap,Roof Modules,P1,direct-visible,"[623, 192, 798, 239]",ridge running module .5-2,M04,6,"Long raised main ridge with dark cap tiles, curved tip-end flourishes.",Tile blue with chipped gray lighter rims.,"Separate topper, finial, corner ornaments to add variety without a new roof mesh."
R06,Painted bracket / eave timber details,Roof Modules,P1,direct-visible,"[620, 225, 810, 280]",post .22-.5 thick; bracket .25-.8,M06;M20,8,"Interlocking timber brackets and rafter ends colored dark red, teal and soft cream.",Dark under-eave AO plus thin accent decorative paint.,Use repeated beam prefabs with 3 paint pattern variants; bright trim stays narrow.
R07,Small cloth market canopy,Roof Modules,P2,direct-visible,"[609, 135, 667, 186]",3-7 x 3-5,M08;M19;M06,3,Small white/pale cream fabric canopy with colorful red fabrics around festival or stalls.,"Cream cloth, red accent trim; slightly uneven taut fabric.","Simple cloth folds, hanging edge, ropes and wooden posts."
V01,Large green deciduous tree,Vegetation,P0,direct-visible,"[0, 225, 400, 500]","height 7-13, crown 4-9 wide",M06;M11,8,Brown trunk with 3-6 main forks carrying irregular rounded overlapping leaf crowns.,"Dark olive inner foliage, bright medium green flecks catching sun.","Avoid single perfect sphere; compose 8-20 leaf clump volumes, trunk twist and exposed gaps."
V02,Medium light-green tree,Vegetation,P0,direct-visible,"[520, 235, 1080, 465]","height 5-10, crown 3-6",M06;M11,6,"Narrower upright canopy, brighter olive green; many along wall outside gate.","Leaf color fades lighter in sun, dark green core.",Asymmetric lobes and crown lean; make 6 seed variations and randomized size.
V03,Sculptural evergreen / pine,Vegetation,P1,direct-visible,"[90, 115, 810, 260]",height 6-12,M06;M12,6,Dark evergreen separated horizontal layered crowns with sculptural bent branch silhouettes.,"Deep forest blue-green, less saturated than broadleaf.","Tiered flattened foliage pads, exposed branch elbows; avoid Christmas-tree cone."
V04,Yellow autumn ornamental tree,Vegetation,P1,direct-visible,"[25, 106, 151, 179]",height 7-11,M06;M13,3,One highly visible yellow-gold broadleaf crown on left-upper edge of village.,"Ochre foliage shifting yellow sun edges, rich rust shadows.",Use V01 branching with separate autumn leaf kit; few dropped leaf decals.
V05,Pink spring blossom tree,Vegetation,P1,direct-visible,"[435, 452, 585, 560]",height 3-6,M06;M14,4,Distinct pale rose-pink flowering tree near foreground stream/garden.,Dense pale pink clusters over darker twig core.,"Clusters on irregular branches, scatter some petals near base."
V06,Small bush and hedge clusters,Vegetation,P0,direct-visible,"[750, 250, 1200, 500]",height .3-1.8,M11,12,"Irregular mounded green shrubs along road, rocks and fences.","Dark core, olive-highlight outer leaves, mixed sizes.","4-8 lobes per bush, 12 variants including clipped and wild shapes."
V07,Ground grass blade clumps,Vegetation,P0,direct-visible,"[790, 360, 1199, 558]",height .08-.35,M10,10,"Tufts stick out from green turf, lightly sparse on roads.",Multiple olive / fresh-green blades plus dried tawny ends.,Use cross cards in distant LOD and true small tapered clumps near camera.
V08,Wild flowers and tiny light flecks,Vegetation,P2,direct-visible,"[280, 320, 1120, 535]",height .1-.5,M10;M14,8,"Very small yellow/white flower heads sprinkled amid grasses, especially garden/fence margins.",Warm pale cream flower heads with green stalks.,"Minimal scatter 1-4 flowers per patch, never uniform checkerboard."
V09,Vines and creeping leafy plants,Vegetation,P2,partly-inferred,"[365, 445, 605, 560]",height .1-.9,M11;M09,5,"Low broad leaves climb/stay close to garden soil, with a few trailing tendrils.",Saturated green against brown-black garden dirt.,Asymmetric vine mesh and squash-like big leaves; cultivar not identifiable.
V10,Forest middle-distance tree mass,Vegetation,P1,direct-visible,"[0, 100, 1200, 255]",height 5-13,M11;M12;M16,7,Multiple compact green crowns produce canopy continuum between roofs and foothills.,"Lower contrast olive-green clusters, softened by distance haze.",Hybrid near true meshes / distant imposter LOD for budget.
V11,Patchy moss at stones and wet bank,Vegetation,P2,direct-visible,"[500, 320, 630, 515]",thin decals; .03-.2 thick,M10;M15,6,"Dark green moss appears on wet stone contacts, shaded rock/ground corners.",Low rough velvety dark-green layers.,Decal only near moisture; do not uniformly paint every stone.
V12,Agricultural vegetable crop clumps,Vegetation,P2,partly-inferred,"[425, 490, 567, 560]",plant .25-.9 tall,M11;M09,5,"Clustered broad leaves, twining low plants and a few yellow/orange harvest objects.",Bright green leaves and tan/orange fruit accents.,"Use distinct leaf, stem, fruit instanced components; exact produce uncertain."
K01,Huge rounded stacked mountain cluster,Geology,P0,direct-visible,"[35, 0, 420, 175]",height 35-120+ (scene scale variable),M15,5,Tall mountain assembled from vertical broad rounded rock monoliths; a soft rocky silhouette with notched summits.,"Warm gray sunlit planar lobes, deep cool crevices, vegetation on ledges.","Create three layers: base mass, big lobes and scree stones, then trees; avoid razor-sharp triangles."
K02,Far blue-gray mountain chain,Geology,P0,direct-visible,"[400, 10, 890, 165]",height 25-130+ scene-dependent,M16,5,Multiple lower and higher peaks layered behind central town.,Cool low-saturation rock blue-gray and fading haze.,"Several background depth bands, each with distinct silhouette; lower detail LOD."
K03,Right cliff temple hill,Geology,P1,direct-visible,"[900, 10, 1200, 188]",height 30-85 relative village,M15,3,Tall boulder pile under remote pagoda with many sheer rounded vertical splits.,"Rock in gray-beige sunlight, deep crevices and patchy small trees.",Reserve flat summit pad and paths/ledges for pagoda; scatter plants only on pockets.
K04,Village boulder / rock outcrop,Geology,P0,direct-visible,"[0, 148, 600, 380]",diameter .6-5,M15;M02,15,"Small to medium smoothly broken boulders placed by water, walls and houses.","Mottled gray/brown faces with dark inner fissures, rare moss.","15-plus reusable silhouettes, 30-100% buried in soil."
K05,Stream stone and pebble scatter,Geology,P1,direct-visible,"[520, 335, 610, 560]",diameter .08-.7,M02;M15,12,Mixed small round/flat stones border stream and sit at bends.,"Wet darker gray where submerged, dusty gray-beige upland.",Stones oriented with stream; use pebbles at water turbulence points.
H01,Narrow winding stream,Water,P0,direct-visible,"[522, 331, 610, 560]",width 1.4-3.5; depth .25-.8,M17,1,Narrow continuous blue-gray channel flowing down from wall culvert toward lower screen.,Water surface moderately reflective with bright white turbulent streaks.,Carve meandering bank into terrain; use water ribbon spline and depth opacity.
H02,White turbulence at stream bends,Water,P1,direct-visible,"[536, 373, 605, 544]",bands .05-.5 wide,M18,5,"Thin foam filaments and broken pale streaks tracing rocks, bends and constrictions.","Near-white specular flecks, pale cool-gray foam.",Flow map follows stream tangent; low foam density in calm portions.
H03,Stream bank wet-soil transition,Water,P1,direct-visible,"[505, 338, 620, 560]",bank width .3-1.5,M09;M10;M15,4,Uneven muddy slopes with rock and rough grass from dry soil into water.,"Dark wet brown at waterline, greener on higher bank.",Gradient vertex colors; embedded pebbles; creek depth must read at top-down camera.
H04,Culvert shadowed water patch,Water,P1,direct-visible,"[523, 335, 569, 383]",2-3 wide,M17;M02,1,Dark water emerges from a shaded shallow wall tunnel.,Bluish-black water with strong lip shadow and lightening downstream.,"Use light occlusion and darker underwater bed, not absolute black."
P01,Tall red vertical town pennant,Props,P1,direct-visible,"[0, 240, 535, 338]","height 2.5-5, banner .4-1 wide",M19;M06,5,Narrow rectangular red banners hang off upright sticks; dark circular / stamped marks.,Weathered brick-red cloth with almost black emblem and slight wrinkles.,"2-3 pattern variants, bend cloth asymmetrically."
P02,Simple horizontal split-rail fence,Props,P0,direct-visible,"[230, 350, 950, 560]","height .7-1.2, section 1.5-3",M06,7,Short wooden stakes with two low horizontal beams; encloses garden and roadside houses.,Golden brown worn wood with dark joining pegs.,"Straight, corner, end, gate, broken variant; uneven posts."
P03,Woven low reed fence,Props,P1,direct-visible,"[290, 385, 800, 558]",height .8-1.3,M05;M06,5,Thin woven reed/repeated stick fencing around thatched houses and garden.,"Pale ochre bamboo-like strips, dark lashings.","Use mesh with geometry+alpha only for far LOD, avoid alpha overdraw near camera."
P04,Clay jars and water pots,Props,P1,direct-visible,"[488, 340, 950, 480]",height .4-1.3,M21,8,"Rounded reddish clay jars, some with wide open mouths and dark interior.","Terracotta red-brown, spots of glazed shine and grime.","4 silhouette variants: fat amphora-like, squat bowl, wide jar, tall jar."
P05,Crates and lumber boxes,Props,P2,direct-visible,"[440, 320, 1115, 430]",0.3-1.2 each side,M06,8,Small rectangular weathered wooden crates or storage boxes next to fences and workshops.,"Mid brown boards, black joints and pale chipped edges.",Reusable box mesh with rotated plank textures and open-top option.
P06,Grain / straw bundle bales,Props,P1,direct-visible,"[350, 320, 1130, 419]",length .6-1.6,M05,7,Pale straw bunches scattered near huts and workshops.,Dry golden straw with warm-brown gaps and tied cord.,"Bales with messy silhouette and ropes, several rotations."
P07,Wooden benches and tables,Props,P2,direct-visible,"[310, 389, 1070, 411]",bench 1-2 long,M06,8,Simple rough slat benches and narrow rectangular tables along roads and within workshops.,Aged brown wood with sunlit scraped surfaces.,Low cross braces and uneven seat plank thickness.
P08,Logs and stacked planks,Props,P1,direct-visible,"[850, 320, 1100, 418]",length .8-4,M06,9,"Sawed timbers, timber piles and long plank stacks near far-right workshop.","Warm raw brown wood, visible end grain.","3 log diameters, 5 plank lengths, surface roughness and endcaps."
P09,Small two-wheeled wooden handcart,Props,P2,partly-inferred,"[760, 270, 1020, 370]",length 1.5-2.8,M06,4,Simple handcarts and transport objects around village labor areas.,"Medium wood wheels/handles, dusty iron-gray hubs.",Only interpret generic cart geometry; exact vehicle partly obscured.
P10,Wooden wayside sign,Props,P2,direct-visible,"[905, 373, 1110, 447]",height 1.4-2.1,M06;M04,4,Small dark roadside board and thin vertical support visible outside workshop zone.,Dark wooden board with cool blue-black face.,1-2 board widths and blackened calligraphy decals if legible reference available.
P11,Standing lamp / hanging lantern pole,Props,P2,direct-visible,"[420, 185, 1170, 440]",height 2.5-4,M06;M19,5,Thin lantern posts with small warm orange-red hanging lights near streets and buildings.,Dark timber/iron shaft and warm orange cloth lantern accent.,At noon no emissive bloom is necessary; lantern mostly reads as physical object.
P12,Marketplace fabric and ribbon,Props,P2,direct-visible,"[603, 136, 709, 192]",cloth flags .3-2 tall,M08;M19,6,White stall shade plus compact strips of colored cloth around village plaza.,"White cream, vermilion and multiple faint festive accents.",Two-sided cloth mesh and simple wrinkle normal.
P13,Decorative garden planter,Props,P2,direct-visible,"[485, 441, 579, 556]",size .5-2.5,M06;M09;M11,5,Small wooden or stone-bordered planted boxes with flowers and vegetable leaves.,Muted beige wood or stone edge with green growth.,Use modular border tiles and instanced plant clusters.
P14,Wooden support brace and ladder,Props,P1,direct-visible,"[650, 230, 1110, 388]",brace .7-2.5 long,M06,8,Visible diagonal braces under open pavilions and workshop railings; short climbing supports.,Dark timber with highlighted angular edges.,Build corner diagonals separately; no need every joint unique.
P15,Guard / traveler scale figures,Props,P2,direct-visible,"[695, 316, 1020, 558]",character height 1.6-1.85 (prototype),M06,3,"Small stylized humans on road at gate and right foreground, helpful for evaluating building sizes.",Tiny contrasting dark/colored outfits.,For environment reference only: stand-in capsules acceptable for blockout.
P16,"Loose flowers, fallen leaves and stones",Props,P2,direct-visible,"[0, 290, 1200, 560]",object .03-.3,M09;M10;M14,12,"Sparse small debris localized to roads, tree roots, fences and gardens.","Tan dirt, dark greens, pale blossoms, grays.",Use distance culling and scattering masks rather than manual placing every grain.
D01,Layered cloud sky,Background,P1,direct-visible,"[0, 0, 1199, 150]",sky atmosphere or dome,M22,1,Soft blue daytime sky with broken diffuse white cloud clusters.,"Blue cyan sky top, near-white broken clouds, little saturation in distant haze.","Use procedural sky, soft cloud layers and low contrast near horizon."
D02,Far rooftops and miniature hamlet cluster,Background,P1,direct-visible,"[0, 80, 1200, 235]",roof clusters 3-15 wide,M04;M16;M10,10,Dense tiny blue roof silhouettes interspersed with trees across mid/far valley.,Desaturated blue-gray tile roofs and warm hazy walls.,Use low LOD prefabs instanced along valley; keep varying heights.
D03,Layered atmospheric depth treatment,Background,P0,direct-visible,"[0, 35, 1199, 220]","near 0-40, middle 40-180, far 180+ distance bands",M16;M22,1,"Near houses sharply defined, far valley softer, far mountains cooler and less contrasty.",Blue-grey airy haze; sky-colored shadow lift.,Distance values are prototype-specific; adjust to preserve silhouette readability.
